<?xml version="1.0" encoding="UTF-8"?>
<project-private xmlns="http://www.netbeans.org/ns/project-private/1">
    <editor-bookmarks xmlns="http://www.netbeans.org/ns/editor-bookmarks/2" lastBookmarkId="0"/>
    <open-files xmlns="http://www.netbeans.org/ns/projectui-open-files/2">
        <group>
            <file>file:/D:/Java%20Project/BisaKerjaAdmin/src/Model/Model.java</file>
            <file>file:/D:/Java%20Project/BisaKerjaAdmin/src/Database/Database.java</file>
            <file>file:/D:/Java%20Project/BisaKerjaAdmin/src/Model/Vacancy.java</file>
            <file>file:/D:/Java%20Project/BisaKerjaAdmin/src/Controller/Cont_SignIn.java</file>
            <file>file:/D:/Java%20Project/BisaKerjaAdmin/src/Controller/Cont_home.java</file>
        </group>
    </open-files>
</project-private>
