<?xml version="1.0" encoding="UTF-8"?>
<project-private xmlns="http://www.netbeans.org/ns/project-private/1">
    <editor-bookmarks xmlns="http://www.netbeans.org/ns/editor-bookmarks/2" lastBookmarkId="0"/>
    <open-files xmlns="http://www.netbeans.org/ns/projectui-open-files/2">
        <group>
            <file>file:/D:/Java%20Project/BisaKerja/src/Model/User.java</file>
            <file>file:/D:/Java%20Project/BisaKerja/src/Model/Vacancy.java</file>
            <file>file:/D:/Java%20Project/BisaKerja/src/Controller/Cont_SignIn.java</file>
            <file>file:/D:/Java%20Project/BisaKerja/src/Driver/Main_Driver.java</file>
            <file>file:/D:/Java%20Project/BisaKerja/src/Model/Model.java</file>
            <file>file:/D:/Java%20Project/BisaKerja/src/Database/Database.java</file>
            <file>file:/D:/Java%20Project/BisaKerja/src/Controller/Cont_SignUp.java</file>
            <file>file:/D:/Java%20Project/BisaKerja/src/Model/JobProvider.java</file>
            <file>file:/D:/Java%20Project/BisaKerja/src/View/GUI_SignUp.java</file>
            <file>file:/D:/Java%20Project/BisaKerja/src/Model/JobSeeker.java</file>
        </group>
    </open-files>
</project-private>
