<?xml version="1.0" encoding="UTF-8"?>
<project-private xmlns="http://www.netbeans.org/ns/project-private/1">
    <editor-bookmarks xmlns="http://www.netbeans.org/ns/editor-bookmarks/2" lastBookmarkId="0"/>
    <open-files xmlns="http://www.netbeans.org/ns/projectui-open-files/2">
        <group>
            <file>file:/home/timothy/Documents/IFIK4102_BisaKerja/src/profilperusahaan.java</file>
            <file>file:/home/timothy/Documents/IFIK4102_BisaKerja/src/Interface_9.java</file>
            <file>file:/home/timothy/Documents/IFIK4102_BisaKerja/src/Interface_8.java</file>
            <file>file:/home/timothy/Documents/IFIK4102_BisaKerja/src/JP.java</file>
        </group>
    </open-files>
</project-private>
